{
    "VHx8)m*yfb": {
        "duration": 30,
        "expire_at": "2024-08-07T20:18:38.355694"
    },
    "tLkU)6Ml6x": {
        "duration": 600,
        "expire_at": "2024-08-07T20:36:29.657463"
    },
    "&Ea$IhsBWg": {
        "duration": 600,
        "expire_at": ""
    },
    "hOm)izDGMX": {
        "duration": 600,
        "expire_at": ""
    },
    "fzYGkBcOuD": {
        "duration": 600,
        "expire_at": ""
    },
    "J74$gf@sUz": {
        "duration": 600,
        "expire_at": ""
    },
    "bWj%at*O%x": {
        "duration": 600,
        "expire_at": ""
    },
    "tc#lQNzZP2": {
        "duration": 600,
        "expire_at": ""
    },
    "$*ZVso*h9^": {
        "duration": 600,
        "expire_at": ""
    },
    "ax257vXq^b": {
        "duration": 600,
        "expire_at": ""
    },
    "AS%4tOL(HE": {
        "duration": 600,
        "expire_at": ""
    },
    "axj$!1TZKP": {
        "duration": 600,
        "expire_at": ""
    },
    "6NS%@*Pi2H": {
        "duration": 600,
        "expire_at": ""
    },
    "XAk1Y&l%P*": {
        "duration": 600,
        "expire_at": "2024-08-07T20:26:06.796119"
    },
    "1KJP$Z&hJY": {
        "duration": 600,
        "expire_at": ""
    },
    "fi#18d6@#E": {
        "duration": 600,
        "expire_at": ""
    },
    "ah!mhivaPB": {
        "duration": 600,
        "expire_at": ""
    },
    "&w8y3nqfuf": {
        "duration": 600,
        "expire_at": ""
    },
    "6N4yl%qoaO": {
        "duration": 600,
        "expire_at": ""
    },
    "1Kigbu3J4z": {
        "duration": 600,
        "expire_at": ""
    },
    "u8v$mqs5Xe": {
        "duration": 600,
        "expire_at": ""
    },
    "q!9Z8bX5RM": {
        "duration": 600,
        "expire_at": ""
    },
    "G3we9TD)gn": {
        "duration": 600,
        "expire_at": ""
    },
    "qKvJ7lak8M": {
        "duration": 600,
        "expire_at": ""
    },
    "MkYIt)X#dO": {
        "duration": 600,
        "expire_at": ""
    },
    "quqbRie$GE": {
        "duration": 600,
        "expire_at": ""
    },
    "%NISF5u7@b": {
        "duration": 600,
        "expire_at": ""
    },
    "vM#ekikvoC": {
        "duration": 600,
        "expire_at": ""
    },
    "g0o@aMGREu": {
        "duration": 600,
        "expire_at": ""
    },
    "Sz&R2Ot#1q": {
        "duration": 600,
        "expire_at": ""
    },
    "rF#%29J)YM": {
        "duration": 600,
        "expire_at": ""
    },
    "179Gm^PwKw": {
        "duration": 600,
        "expire_at": ""
    },
    "!7ljtc!NkO": {
        "duration": 600,
        "expire_at": ""
    },
    "Zv@d$7M0W@": {
        "duration": 600,
        "expire_at": ""
    },
    "Av@oNYskFc": {
        "duration": 600,
        "expire_at": ""
    },
    "bnxl7NwNhg": {
        "duration": 600,
        "expire_at": ""
    },
    "nCvNaY^M!T": {
        "duration": 600,
        "expire_at": ""
    },
    "@y#Ho7)LST": {
        "duration": 600,
        "expire_at": ""
    },
    "3^zgw&PYK@": {
        "duration": 600,
        "expire_at": ""
    },
    "SlStxiLT2!": {
        "duration": 600,
        "expire_at": ""
    },
    "uiKY!Y&m!r": {
        "duration": 600,
        "expire_at": ""
    },
    "Kqhw*dwL%P": {
        "duration": 600,
        "expire_at": ""
    },
    "^ZgwkO%S&M": {
        "duration": 600,
        "expire_at": ""
    },
    "LsJk5!QJaI": {
        "duration": 600,
        "expire_at": ""
    },
    "7NG#XNX7Ld": {
        "duration": 600,
        "expire_at": ""
    },
    "ir(N4R^uES": {
        "duration": 600,
        "expire_at": ""
    },
    "&Uo1v7A4e!": {
        "duration": 600,
        "expire_at": ""
    },
    "@IT(^%oXlj": {
        "duration": 600,
        "expire_at": ""
    },
    "TGSwkbKdkQ": {
        "duration": 600,
        "expire_at": ""
    },
    "U3*k(V4R$9": {
        "duration": 600,
        "expire_at": ""
    },
    "hkKU$zXgwQ": {
        "duration": 600,
        "expire_at": ""
    },
    "hUkS8gxgEg": {
        "duration": 600,
        "expire_at": ""
    },
    "Jh$^kIgAU5": {
        "duration": 600,
        "expire_at": ""
    },
    "$5kixaNjv#": {
        "duration": 600,
        "expire_at": ""
    },
    "fu5jcxJ97u": {
        "duration": 600,
        "expire_at": ""
    },
    "56%i5gTyWR": {
        "duration": 600,
        "expire_at": ""
    },
    "lGDwXfGog4": {
        "duration": 600,
        "expire_at": ""
    },
    "wXCRz6wK*3": {
        "duration": 600,
        "expire_at": ""
    },
    "P93VSe1iZk": {
        "duration": 600,
        "expire_at": ""
    },
    "IJxXs&TeLq": {
        "duration": 600,
        "expire_at": ""
    },
    "VqSvL84U5D": {
        "duration": 600,
        "expire_at": ""
    },
    "(&mKjfDNIw": {
        "duration": 600,
        "expire_at": ""
    },
    "I1DXjPz*mM": {
        "duration": 600,
        "expire_at": ""
    },
    "0Nvz9k*9YS": {
        "duration": 600,
        "expire_at": ""
    },
    "&8ga0WxeMW": {
        "duration": 600,
        "expire_at": ""
    },
    "f1rrgu9%Dw": {
        "duration": 600,
        "expire_at": ""
    },
    "Lq9kq8h!LU": {
        "duration": 600,
        "expire_at": ""
    },
    "Bkk@K1KbYu": {
        "duration": 600,
        "expire_at": ""
    },
    "!3Zu$^9NZ#": {
        "duration": 600,
        "expire_at": ""
    },
    "%DA2&kClZE": {
        "duration": 600,
        "expire_at": ""
    },
    "@1xekf3G&q": {
        "duration": 600,
        "expire_at": ""
    },
    "%kV4&E%Qb&": {
        "duration": 600,
        "expire_at": ""
    },
    "Y2X(#Y$80^": {
        "duration": 600,
        "expire_at": ""
    },
    "8)Jy&kVTEc": {
        "duration": 600,
        "expire_at": ""
    },
    "wTIFkyQFcb": {
        "duration": 600,
        "expire_at": ""
    },
    "Rhj2S)Oilc": {
        "duration": 600,
        "expire_at": ""
    },
    "wOFlWFolN%": {
        "duration": 600,
        "expire_at": ""
    },
    "gcFR(PV)by": {
        "duration": 600,
        "expire_at": ""
    },
    "8GoZAIQ&0M": {
        "duration": 600,
        "expire_at": ""
    },
    "VfyfLfOdIP": {
        "duration": 600,
        "expire_at": ""
    },
    "9vZ1@#Qnk6": {
        "duration": 600,
        "expire_at": ""
    },
    "9TH^q5VtF3": {
        "duration": 600,
        "expire_at": ""
    },
    "aFmtPZOE%H": {
        "duration": 600,
        "expire_at": ""
    },
    "fGc!d*yfZk": {
        "duration": 600,
        "expire_at": ""
    },
    "atmdsgrH3C": {
        "duration": 600,
        "expire_at": ""
    },
    "ZaVI9VW9Z@": {
        "duration": 600,
        "expire_at": ""
    },
    "P#aYI6%5H%": {
        "duration": 600,
        "expire_at": ""
    },
    "QLe!nCTzxz": {
        "duration": 600,
        "expire_at": ""
    },
    "3K0i1ZL!77": {
        "duration": 600,
        "expire_at": ""
    },
    "$IFlI%$@WI": {
        "duration": 600,
        "expire_at": ""
    },
    "rJ0oAvnZVZ": {
        "duration": 600,
        "expire_at": ""
    },
    ")@VT8PA5xW": {
        "duration": 600,
        "expire_at": ""
    },
    "RjiM9xIis#": {
        "duration": 600,
        "expire_at": ""
    },
    "kAP8NPX8*m": {
        "duration": 600,
        "expire_at": ""
    },
    "ubqSw8kma$": {
        "duration": 600,
        "expire_at": ""
    },
    "soGnkXW1n3": {
        "duration": 600,
        "expire_at": ""
    },
    "!0C#xu#6T0": {
        "duration": 600,
        "expire_at": ""
    },
    "CCR!xLxKwy": {
        "duration": 600,
        "expire_at": ""
    },
    "m6^6!ElkxG": {
        "duration": 600,
        "expire_at": ""
    },
    "WBgLqjQG32": {
        "duration": 600,
        "expire_at": ""
    },
    "Q*FSDQy8lJ": {
        "duration": 600,
        "expire_at": ""
    },
    "dVR&d0CF5n": {
        "duration": 600,
        "expire_at": ""
    },
    "#N4LdaVXzK": {
        "duration": 600,
        "expire_at": ""
    },
    "XrPW%8o%tX": {
        "duration": 600,
        "expire_at": ""
    },
    "@EoXJ%ZiKf": {
        "duration": 600,
        "expire_at": ""
    },
    "oMC#S2B1)O": {
        "duration": 600,
        "expire_at": ""
    },
    "9xO@NB#0mq": {
        "duration": 600,
        "expire_at": ""
    },
    "olm)Xzx4R(": {
        "duration": 600,
        "expire_at": ""
    },
    "tWfZ*R^)dO": {
        "duration": 600,
        "expire_at": ""
    },
    "D6*5qZIuk4": {
        "duration": 600,
        "expire_at": ""
    },
    "$RF1YT)gOt": {
        "duration": 600,
        "expire_at": ""
    },
    "HuEE*7(Aa(": {
        "duration": 600,
        "expire_at": ""
    },
    "@!5h!AjdKu": {
        "duration": 600,
        "expire_at": ""
    },
    "q%^Qx)kD4M": {
        "duration": 600,
        "expire_at": ""
    },
    "vvRIAqYkVb": {
        "duration": 600,
        "expire_at": ""
    },
    "@%bneoFnWO": {
        "duration": 600,
        "expire_at": ""
    },
    "GK$6FScsI#": {
        "duration": 600,
        "expire_at": ""
    },
    "g%)Ugj!t3n": {
        "duration": 600,
        "expire_at": ""
    },
    "sijT@2daE!": {
        "duration": 600,
        "expire_at": ""
    },
    "qd1FAynUuW": {
        "duration": 600,
        "expire_at": ""
    },
    "&XML3P6Iig": {
        "duration": 600,
        "expire_at": ""
    },
    ")ZWsS5i@O)": {
        "duration": 600,
        "expire_at": ""
    },
    "VV$FWRDzhi": {
        "duration": 600,
        "expire_at": ""
    },
    "jwe8HP&INY": {
        "duration": 600,
        "expire_at": ""
    },
    "H)(6z6rHxP": {
        "duration": 600,
        "expire_at": ""
    },
    "O%EaE^kd@&": {
        "duration": 600,
        "expire_at": ""
    },
    "It2F5Sczk!": {
        "duration": 600,
        "expire_at": ""
    },
    "Rf97ws7g3F": {
        "duration": 600,
        "expire_at": ""
    },
    "Srx6qqKV3r": {
        "duration": 600,
        "expire_at": ""
    },
    "IGLWvou!3S": {
        "duration": 600,
        "expire_at": ""
    },
    "%zj3xh7ike": {
        "duration": 600,
        "expire_at": ""
    },
    "S2HmI^^ZSQ": {
        "duration": 600,
        "expire_at": ""
    },
    "w7F(k$ECvS": {
        "duration": 600,
        "expire_at": ""
    },
    "dhVkrzgtr(": {
        "duration": 600,
        "expire_at": ""
    },
    "kQk$ANWQ)R": {
        "duration": 600,
        "expire_at": ""
    },
    "k&a8xd*#!Y": {
        "duration": 600,
        "expire_at": ""
    },
    "oBdY#P^lEo": {
        "duration": 600,
        "expire_at": ""
    },
    "vW%R1E1XIK": {
        "duration": 600,
        "expire_at": ""
    },
    "wEI4A4#U!o": {
        "duration": 600,
        "expire_at": ""
    },
    "oc(9Y9f3kf": {
        "duration": 600,
        "expire_at": ""
    },
    "DUdQDZ4K7L": {
        "duration": 600,
        "expire_at": ""
    },
    "*kWUXS9%*a": {
        "duration": 600,
        "expire_at": ""
    },
    "c6xoO3uLbY": {
        "duration": 600,
        "expire_at": ""
    },
    "PAI@Gf@kUl": {
        "duration": 600,
        "expire_at": ""
    },
    "4VyqME9EdT": {
        "duration": 600,
        "expire_at": ""
    },
    "hAfV*bz&^0": {
        "duration": 600,
        "expire_at": ""
    },
    "f*Gt5Tje&u": {
        "duration": 600,
        "expire_at": ""
    },
    "CQdFrFFBrP": {
        "duration": 600,
        "expire_at": ""
    },
    ")GF5!ct4J)": {
        "duration": 600,
        "expire_at": ""
    },
    "luwxkbzz4#": {
        "duration": 600,
        "expire_at": ""
    },
    "WQwy0m2^SH": {
        "duration": 600,
        "expire_at": ""
    },
    "nmJ92mETOE": {
        "duration": 600,
        "expire_at": ""
    },
    "laU9zUBzBk": {
        "duration": 600,
        "expire_at": ""
    },
    "q1!11UbV&C": {
        "duration": 600,
        "expire_at": ""
    },
    "C6EA9V)Dik": {
        "duration": 600,
        "expire_at": ""
    },
    "LmE7ma&%VG": {
        "duration": 600,
        "expire_at": ""
    },
    "*R$m^&du&m": {
        "duration": 600,
        "expire_at": ""
    },
    "TRmYkKdJ$%": {
        "duration": 600,
        "expire_at": ""
    },
    "L365ob!fXl": {
        "duration": 600,
        "expire_at": ""
    },
    "bJhIH9jJa!": {
        "duration": 600,
        "expire_at": ""
    },
    "J$23X@4eWE": {
        "duration": 600,
        "expire_at": ""
    },
    "C(kL4sk*3!": {
        "duration": 600,
        "expire_at": ""
    },
    "(W2AtkBakA": {
        "duration": 600,
        "expire_at": ""
    },
    "3uA7gf6($U": {
        "duration": 600,
        "expire_at": ""
    },
    "ByS@*@XZW#": {
        "duration": 600,
        "expire_at": ""
    },
    "YTankr82b#": {
        "duration": 600,
        "expire_at": ""
    },
    "ZJBQD24mtw": {
        "duration": 600,
        "expire_at": ""
    },
    "ikz(Bt!4*V": {
        "duration": 600,
        "expire_at": ""
    },
    "b!2&oCLXQ8": {
        "duration": 600,
        "expire_at": ""
    },
    "tWH)5Crtx&": {
        "duration": 600,
        "expire_at": ""
    },
    "!VLgP(k$Yj": {
        "duration": 600,
        "expire_at": ""
    },
    "dDGGhFGh7X": {
        "duration": 600,
        "expire_at": ""
    },
    "49vVQFo^)K": {
        "duration": 600,
        "expire_at": ""
    },
    "4vm3dS)WSM": {
        "duration": 600,
        "expire_at": ""
    },
    "cy&i9eUJyr": {
        "duration": 600,
        "expire_at": ""
    },
    "BtkhMZ5lI*": {
        "duration": 600,
        "expire_at": ""
    },
    "ZHHznQP!gn": {
        "duration": 600,
        "expire_at": ""
    },
    "(C2aweswUM": {
        "duration": 600,
        "expire_at": ""
    },
    "8G(MSoO9Lg": {
        "duration": 600,
        "expire_at": ""
    },
    "JZGRltjIu4": {
        "duration": 600,
        "expire_at": ""
    },
    "PLHWbuRcAu": {
        "duration": 600,
        "expire_at": ""
    },
    "eBM&DQ2uVQ": {
        "duration": 600,
        "expire_at": ""
    },
    "dLk8zPuQoq": {
        "duration": 600,
        "expire_at": ""
    },
    "QU0TEkGPKo": {
        "duration": 600,
        "expire_at": ""
    },
    "eSJ4Oz!c65": {
        "duration": 600,
        "expire_at": ""
    },
    "HknEfk1&%z": {
        "duration": 600,
        "expire_at": ""
    },
    "joq8A2JB1^": {
        "duration": 600,
        "expire_at": ""
    },
    "gceLIWczRN": {
        "duration": 600,
        "expire_at": ""
    },
    "vfLvgbFk$Q": {
        "duration": 600,
        "expire_at": ""
    },
    "&GNLTk7ykA": {
        "duration": 600,
        "expire_at": ""
    },
    "x&c8dSv^Ka": {
        "duration": 600,
        "expire_at": ""
    },
    "KD2f)KfI0)": {
        "duration": 600,
        "expire_at": ""
    },
    "5H9ev3L@k$": {
        "duration": 600,
        "expire_at": ""
    },
    "k)^kImq&#q": {
        "duration": 600,
        "expire_at": ""
    },
    "W^9d@Gcfs0": {
        "duration": 600,
        "expire_at": ""
    },
    "RLBkvu1R5J": {
        "duration": 600,
        "expire_at": ""
    },
    "BxmfT*T%un": {
        "duration": 600,
        "expire_at": ""
    },
    "P(^YYJeS0W": {
        "duration": 600,
        "expire_at": ""
    },
    "f^wJj8h!&P": {
        "duration": 600,
        "expire_at": ""
    },
    "J8w)sIcoY4": {
        "duration": 600,
        "expire_at": ""
    },
    "HOfy#$^dvs": {
        "duration": 600,
        "expire_at": ""
    },
    "MZxOtccbTg": {
        "duration": 600,
        "expire_at": ""
    },
    "kxo57TTZ*r": {
        "duration": 600,
        "expire_at": ""
    },
    "Hw4FHRXOa8": {
        "duration": 600,
        "expire_at": ""
    },
    "Dls&!!OKa1": {
        "duration": 600,
        "expire_at": ""
    },
    "5NL!Tkh5c$": {
        "duration": 600,
        "expire_at": ""
    },
    "u!wQf7Tks@": {
        "duration": 600,
        "expire_at": ""
    },
    "ew4Xj!rmvb": {
        "duration": 600,
        "expire_at": ""
    },
    "7H1BMz2wDL": {
        "duration": 600,
        "expire_at": ""
    },
    "$msfX7Bkii": {
        "duration": 600,
        "expire_at": ""
    },
    "iPR48U$!^q": {
        "duration": 600,
        "expire_at": ""
    },
    "JAsHR&F@IG": {
        "duration": 600,
        "expire_at": ""
    },
    "0qywZuNP9A": {
        "duration": 600,
        "expire_at": ""
    },
    "dha5g(e%*^": {
        "duration": 600,
        "expire_at": ""
    },
    "o@uPSl2GIy": {
        "duration": 600,
        "expire_at": ""
    },
    "VPzIqk@J(n": {
        "duration": 600,
        "expire_at": ""
    },
    "sRfb^@G2^i": {
        "duration": 600,
        "expire_at": ""
    },
    "#ZX!%fSkDa": {
        "duration": 600,
        "expire_at": ""
    },
    "K$l@LZ3NSA": {
        "duration": 600,
        "expire_at": ""
    },
    "(8BG4NKh%Q": {
        "duration": 600,
        "expire_at": ""
    },
    "nq0*PDHBgQ": {
        "duration": 600,
        "expire_at": ""
    },
    "G5a&rd9UA3": {
        "duration": 600,
        "expire_at": ""
    },
    "O)MozH6M4n": {
        "duration": 600,
        "expire_at": ""
    },
    "vDbZ(!Jo3t": {
        "duration": 600,
        "expire_at": ""
    },
    "K&(8SOMEqy": {
        "duration": 600,
        "expire_at": ""
    },
    "4%tyOx8KWY": {
        "duration": 600,
        "expire_at": ""
    },
    "g@qXl112%y": {
        "duration": 600,
        "expire_at": ""
    },
    "U0Z1nqkWqN": {
        "duration": 600,
        "expire_at": ""
    },
    "aEkogCTj&(": {
        "duration": 600,
        "expire_at": ""
    },
    "Pa#8PW0sb0": {
        "duration": 600,
        "expire_at": ""
    },
    "XEqjbIkS4j": {
        "duration": 600,
        "expire_at": ""
    },
    "nUZ3va0%r6": {
        "duration": 600,
        "expire_at": ""
    },
    "5#N1y2C!uN": {
        "duration": 600,
        "expire_at": ""
    },
    "t4E1^QvJnh": {
        "duration": 600,
        "expire_at": ""
    },
    "rH)EjNc$Wv": {
        "duration": 600,
        "expire_at": ""
    },
    "l)9s1CnFgZ": {
        "duration": 600,
        "expire_at": ""
    },
    "Tlerw5w5tr": {
        "duration": 600,
        "expire_at": ""
    },
    "1WY3BSboY1": {
        "duration": 600,
        "expire_at": ""
    },
    "PkE5B7rweF": {
        "duration": 600,
        "expire_at": ""
    },
    "ySnkNlk@(V": {
        "duration": 600,
        "expire_at": ""
    },
    "P(NU*nT)rU": {
        "duration": 600,
        "expire_at": ""
    },
    "e1e)AziXOk": {
        "duration": 600,
        "expire_at": ""
    },
    "RSy8*0$I%v": {
        "duration": 600,
        "expire_at": ""
    },
    "cy&4oO&fQZ": {
        "duration": 600,
        "expire_at": ""
    },
    "kNvu9hGc!J": {
        "duration": 600,
        "expire_at": ""
    },
    "9l1c!Z1n$H": {
        "duration": 600,
        "expire_at": ""
    },
    "9oSRw3jQnV": {
        "duration": 600,
        "expire_at": ""
    },
    "lwrml11QGs": {
        "duration": 600,
        "expire_at": ""
    },
    "C(uahzdAlj": {
        "duration": 600,
        "expire_at": ""
    },
    "e6%7U%u%jI": {
        "duration": 600,
        "expire_at": ""
    },
    "&WFFT)NUdD": {
        "duration": 600,
        "expire_at": ""
    },
    "hNCN&UR(*2": {
        "duration": 600,
        "expire_at": ""
    },
    "2Gtgo3cHkf": {
        "duration": 600,
        "expire_at": ""
    },
    "X%IBTzVeHq": {
        "duration": 600,
        "expire_at": ""
    },
    "8rkCw7IjAR": {
        "duration": 600,
        "expire_at": ""
    },
    "KBt7Zs0%lw": {
        "duration": 600,
        "expire_at": ""
    },
    "AlK78KXRzk": {
        "duration": 600,
        "expire_at": ""
    },
    "I%yMu5HlTf": {
        "duration": 600,
        "expire_at": ""
    },
    "c%BNysnrOm": {
        "duration": 600,
        "expire_at": ""
    },
    "t5mhl3)rOe": {
        "duration": 600,
        "expire_at": ""
    },
    "LE!Umj46PX": {
        "duration": 600,
        "expire_at": ""
    },
    "YEr^Pt#!em": {
        "duration": 600,
        "expire_at": ""
    },
    "z)tH2m6h1)": {
        "duration": 600,
        "expire_at": ""
    },
    "85INL$0*Iu": {
        "duration": 600,
        "expire_at": ""
    },
    "zl%Q01bchB": {
        "duration": 600,
        "expire_at": ""
    },
    "Sku@b8i71R": {
        "duration": 600,
        "expire_at": ""
    },
    "3vLx5Cugn)": {
        "duration": 600,
        "expire_at": ""
    },
    "SQ84mk*mTc": {
        "duration": 600,
        "expire_at": ""
    },
    "N9SNZgh^nc": {
        "duration": 600,
        "expire_at": ""
    },
    "cIO3GkFies": {
        "duration": 600,
        "expire_at": ""
    },
    "KEzOtsmk9@": {
        "duration": 600,
        "expire_at": ""
    },
    "Py^mDMQan3": {
        "duration": 600,
        "expire_at": ""
    },
    "*3WxEjdkYk": {
        "duration": 600,
        "expire_at": ""
    },
    "1QHrtuq&xW": {
        "duration": 600,
        "expire_at": ""
    },
    "#Ye85Qq)AM": {
        "duration": 600,
        "expire_at": ""
    },
    "QQ5wS#nJXU": {
        "duration": 600,
        "expire_at": ""
    },
    "HWZ6#BeL@V": {
        "duration": 600,
        "expire_at": ""
    },
    "@a^7UA3Q1s": {
        "duration": 600,
        "expire_at": ""
    },
    "4Z8Ketq&MO": {
        "duration": 600,
        "expire_at": ""
    },
    "#GT#ZH#dL@": {
        "duration": 600,
        "expire_at": ""
    },
    "dO95%EIR8F": {
        "duration": 600,
        "expire_at": ""
    },
    "F%6mIUks%D": {
        "duration": 600,
        "expire_at": ""
    },
    "Nx1sCGk*(5": {
        "duration": 600,
        "expire_at": ""
    },
    "By(3@c1of4": {
        "duration": 600,
        "expire_at": ""
    },
    "%$E6(PYXCt": {
        "duration": 600,
        "expire_at": ""
    },
    "jgOCXbbQxH": {
        "duration": 600,
        "expire_at": ""
    },
    "rVB9b)O18l": {
        "duration": 600,
        "expire_at": ""
    },
    "JCjSS&jMlY": {
        "duration": 600,
        "expire_at": ""
    },
    "JotSi$kj%h": {
        "duration": 600,
        "expire_at": ""
    },
    "c*GKEEdbFP": {
        "duration": 600,
        "expire_at": ""
    },
    "IJ2JYkT0Ik": {
        "duration": 600,
        "expire_at": ""
    },
    "3qPxn^g#BU": {
        "duration": 600,
        "expire_at": ""
    },
    "@Ke0mhdY6I": {
        "duration": 600,
        "expire_at": ""
    },
    "Sf1a1QZDP$": {
        "duration": 600,
        "expire_at": ""
    },
    "omELqu*fZk": {
        "duration": 600,
        "expire_at": ""
    },
    "0k1ByjIPBt": {
        "duration": 600,
        "expire_at": ""
    },
    "^J7oH6KJdM": {
        "duration": 600,
        "expire_at": ""
    },
    "OOAL&&FaSR": {
        "duration": 600,
        "expire_at": ""
    },
    "ADu@YSP2Xa": {
        "duration": 600,
        "expire_at": ""
    },
    "ku@99Kt7JU": {
        "duration": 600,
        "expire_at": ""
    },
    "&uUKmvtShk": {
        "duration": 600,
        "expire_at": ""
    },
    "rQ^nIobE!k": {
        "duration": 600,
        "expire_at": ""
    },
    "f9afnW1PTh": {
        "duration": 600,
        "expire_at": ""
    },
    "kP0HYAZ&4^": {
        "duration": 600,
        "expire_at": ""
    },
    "MkOqZwqYlZ": {
        "duration": 600,
        "expire_at": ""
    },
    "38czGL3PC@": {
        "duration": 600,
        "expire_at": ""
    },
    "*Tl1Gk0@@j": {
        "duration": 600,
        "expire_at": ""
    },
    "T!H(34a2R8": {
        "duration": 600,
        "expire_at": ""
    },
    "O2eZHO)kJQ": {
        "duration": 600,
        "expire_at": ""
    },
    "iPte1NF)Bv": {
        "duration": 600,
        "expire_at": ""
    },
    "oyrTqD@J*z": {
        "duration": 600,
        "expire_at": ""
    },
    "k@lZPzPNmY": {
        "duration": 600,
        "expire_at": ""
    },
    "CkE@wOo^F5": {
        "duration": 600,
        "expire_at": ""
    },
    "JMMl3$o$f3": {
        "duration": 600,
        "expire_at": ""
    },
    "VuIVKmk%w7": {
        "duration": 600,
        "expire_at": ""
    },
    "KywAb5zUsk": {
        "duration": 600,
        "expire_at": ""
    },
    "QT*DYWui&G": {
        "duration": 600,
        "expire_at": ""
    },
    "UXumL!W5SS": {
        "duration": 600,
        "expire_at": ""
    },
    "NtTDuXxdG2": {
        "duration": 600,
        "expire_at": ""
    },
    "T6l$Hv2tV@": {
        "duration": 600,
        "expire_at": ""
    },
    "7N0(xJWhk&": {
        "duration": 600,
        "expire_at": ""
    },
    "rv(*^n4Po@": {
        "duration": 600,
        "expire_at": ""
    },
    "b^a@mVRh33": {
        "duration": 600,
        "expire_at": ""
    },
    "XFP7fmiofc": {
        "duration": 600,
        "expire_at": ""
    },
    "kwMI)!D*&1": {
        "duration": 600,
        "expire_at": ""
    },
    "uvQAP4whJZ": {
        "duration": 600,
        "expire_at": ""
    },
    "!NH!nkv4M&": {
        "duration": 600,
        "expire_at": ""
    },
    "UMezk*RE2s": {
        "duration": 600,
        "expire_at": ""
    },
    "81yB(Rq^MT": {
        "duration": 600,
        "expire_at": ""
    },
    "mzJibXNVg#": {
        "duration": 600,
        "expire_at": ""
    },
    "!gb3*rkk7D": {
        "duration": 600,
        "expire_at": ""
    },
    "#Jb2$40!2u": {
        "duration": 600,
        "expire_at": ""
    },
    "fdrg8xZKSx": {
        "duration": 600,
        "expire_at": ""
    },
    "VDdqlmdV9^": {
        "duration": 600,
        "expire_at": ""
    },
    "1F0#@rA%ku": {
        "duration": 600,
        "expire_at": ""
    },
    "99NFOyjf!y": {
        "duration": 600,
        "expire_at": ""
    },
    "9zfPm5iCE*": {
        "duration": 600,
        "expire_at": ""
    },
    "7TwzfHX#@s": {
        "duration": 600,
        "expire_at": ""
    },
    "fbL9rIBol(": {
        "duration": 600,
        "expire_at": ""
    },
    "%6IN6QqIQb": {
        "duration": 600,
        "expire_at": ""
    },
    "qi2N(C^CP0": {
        "duration": 600,
        "expire_at": ""
    },
    "qnkM^UoU%#": {
        "duration": 600,
        "expire_at": ""
    },
    "HW@8M&$j9Z": {
        "duration": 600,
        "expire_at": ""
    },
    "N8$nWVPS4j": {
        "duration": 600,
        "expire_at": ""
    },
    "n($f)Igi@b": {
        "duration": 600,
        "expire_at": ""
    },
    "UWb)8t*Dnj": {
        "duration": 600,
        "expire_at": ""
    },
    "bb8qm7u091": {
        "duration": 600,
        "expire_at": ""
    },
    "ZV3t0lP&io": {
        "duration": 600,
        "expire_at": ""
    },
    "HZQcARk4o4": {
        "duration": 600,
        "expire_at": ""
    },
    "Yf8E4C39th": {
        "duration": 600,
        "expire_at": ""
    },
    "kjnNhcl43)": {
        "duration": 600,
        "expire_at": ""
    },
    "6Bc^%@#kPA": {
        "duration": 600,
        "expire_at": ""
    },
    "Vm4qF2lAEf": {
        "duration": 600,
        "expire_at": ""
    },
    "hIgnOI4MqA": {
        "duration": 600,
        "expire_at": ""
    },
    "OkQuIqfeRc": {
        "duration": 600,
        "expire_at": ""
    },
    "QryI#Q@ggr": {
        "duration": 600,
        "expire_at": ""
    },
    "Dqr8k$Dgy@": {
        "duration": 600,
        "expire_at": ""
    },
    "9(*gdE$rKv": {
        "duration": 600,
        "expire_at": ""
    },
    "WEbn9dxYcA": {
        "duration": 600,
        "expire_at": ""
    },
    "3q7HtBL@kW": {
        "duration": 600,
        "expire_at": ""
    },
    "1NbtNOYh&$": {
        "duration": 600,
        "expire_at": ""
    },
    "kKYF$F9sCH": {
        "duration": 600,
        "expire_at": ""
    },
    "s0mzQ6u$vu": {
        "duration": 600,
        "expire_at": ""
    },
    "gVZT6V)V!Y": {
        "duration": 600,
        "expire_at": ""
    },
    "Y8k8T^w75V": {
        "duration": 600,
        "expire_at": ""
    },
    "Z8r5K%ZJuJ": {
        "duration": 600,
        "expire_at": ""
    },
    "ThyzSSb(1g": {
        "duration": 600,
        "expire_at": ""
    },
    "h45l23Dv3%": {
        "duration": 600,
        "expire_at": ""
    },
    "(^A)i4#3n(": {
        "duration": 600,
        "expire_at": ""
    },
    "Hq#lsOk3ju": {
        "duration": 600,
        "expire_at": ""
    },
    "P1&Nqi&!Yk": {
        "duration": 600,
        "expire_at": ""
    },
    "UxnDoaO75X": {
        "duration": 600,
        "expire_at": ""
    },
    "r1k9#IzmF^": {
        "duration": 600,
        "expire_at": ""
    },
    "r0n36crz8n": {
        "duration": 600,
        "expire_at": ""
    },
    "X@KZh1PelB": {
        "duration": 600,
        "expire_at": ""
    },
    "a%7bc@J0y8": {
        "duration": 600,
        "expire_at": ""
    },
    "uQ%C*(QI2q": {
        "duration": 600,
        "expire_at": ""
    },
    "mMSXx7aJCJ": {
        "duration": 600,
        "expire_at": ""
    },
    "*qVU5LEgY#": {
        "duration": 600,
        "expire_at": ""
    },
    "(Cezs8DkOQ": {
        "duration": 600,
        "expire_at": ""
    },
    "LWgX!m3akH": {
        "duration": 600,
        "expire_at": ""
    },
    "48!fW3%!D5": {
        "duration": 600,
        "expire_at": ""
    },
    "UC4zGfCs3&": {
        "duration": 600,
        "expire_at": ""
    },
    "MIr!XAXmz(": {
        "duration": 600,
        "expire_at": ""
    },
    "a!weF$vIOG": {
        "duration": 600,
        "expire_at": ""
    },
    "$JBMHT7WKV": {
        "duration": 600,
        "expire_at": ""
    },
    "#NL51iIzRj": {
        "duration": 600,
        "expire_at": ""
    },
    "bqk#w^6(Sk": {
        "duration": 600,
        "expire_at": ""
    },
    "4eLZbn&tF)": {
        "duration": 600,
        "expire_at": ""
    },
    "wiYN7Pk@Mk": {
        "duration": 600,
        "expire_at": ""
    },
    "V(BHfkQ#Gz": {
        "duration": 600,
        "expire_at": ""
    },
    "yey6r^ss4s": {
        "duration": 600,
        "expire_at": ""
    },
    "UV4!i(e%%Q": {
        "duration": 600,
        "expire_at": ""
    },
    "PSU^Z#EioN": {
        "duration": 600,
        "expire_at": ""
    },
    "(7SskVPD^s": {
        "duration": 600,
        "expire_at": ""
    },
    "kQuzU8Uq@!": {
        "duration": 600,
        "expire_at": ""
    },
    "bPk9znSOIR": {
        "duration": 600,
        "expire_at": ""
    },
    "Ll0EVKfAKP": {
        "duration": 600,
        "expire_at": ""
    },
    "Q(ESH6Owv7": {
        "duration": 600,
        "expire_at": ""
    },
    "5#7)wTkCVZ": {
        "duration": 600,
        "expire_at": ""
    },
    "1UAjhgkRFG": {
        "duration": 600,
        "expire_at": ""
    },
    "j!KaPLw2n9": {
        "duration": 600,
        "expire_at": ""
    },
    "i1hKV&BtZ7": {
        "duration": 600,
        "expire_at": ""
    },
    "84k(^lNAb)": {
        "duration": 600,
        "expire_at": ""
    },
    "qJFfk5gxv@": {
        "duration": 600,
        "expire_at": ""
    },
    "(z1a8bOtSs": {
        "duration": 600,
        "expire_at": ""
    },
    "vs$i8rV3yc": {
        "duration": 600,
        "expire_at": ""
    },
    "V8*Sgm)&NI": {
        "duration": 600,
        "expire_at": ""
    },
    "b$liiatJ^L": {
        "duration": 600,
        "expire_at": ""
    },
    "6*dNuW1P%d": {
        "duration": 600,
        "expire_at": ""
    },
    "0JGj&XQS%z": {
        "duration": 600,
        "expire_at": ""
    },
    "!)0HkWicM2": {
        "duration": 600,
        "expire_at": ""
    },
    "NJ7dXa8CdG": {
        "duration": 600,
        "expire_at": ""
    },
    "*$sI2HPs#D": {
        "duration": 600,
        "expire_at": ""
    },
    "bJ@OZGqzKF": {
        "duration": 600,
        "expire_at": ""
    },
    "zi!mM0K8aW": {
        "duration": 600,
        "expire_at": ""
    },
    "uPDZulLDxf": {
        "duration": 600,
        "expire_at": ""
    },
    "C2RH6A!d(H": {
        "duration": 600,
        "expire_at": ""
    },
    "9Jj3ZJWQ5&": {
        "duration": 600,
        "expire_at": ""
    },
    "RLHicm9GTf": {
        "duration": 600,
        "expire_at": ""
    },
    "HkJk&T0e#Y": {
        "duration": 600,
        "expire_at": ""
    },
    "NbP0Vbqq(n": {
        "duration": 600,
        "expire_at": ""
    },
    "S8QhN2kLEk": {
        "duration": 600,
        "expire_at": ""
    },
    "66PKTzoV*J": {
        "duration": 600,
        "expire_at": ""
    },
    "F9F6RTNb*I": {
        "duration": 600,
        "expire_at": ""
    },
    "h2b5$UqAme": {
        "duration": 600,
        "expire_at": ""
    },
    "PfSycA6In#": {
        "duration": 600,
        "expire_at": ""
    },
    ")&*KwHGF@I": {
        "duration": 600,
        "expire_at": ""
    },
    "0G%IZS*Qsd": {
        "duration": 600,
        "expire_at": ""
    },
    "UcM&rPzy37": {
        "duration": 600,
        "expire_at": ""
    },
    "0&TOb(BMlc": {
        "duration": 600,
        "expire_at": ""
    },
    "JVgr(DDkjs": {
        "duration": 600,
        "expire_at": ""
    },
    "Mh5MaRzI0M": {
        "duration": 600,
        "expire_at": ""
    },
    "x9V&jXkjV3": {
        "duration": 600,
        "expire_at": ""
    },
    "RjkkoSuxne": {
        "duration": 600,
        "expire_at": ""
    },
    "@b6ENW08ru": {
        "duration": 600,
        "expire_at": ""
    },
    "30@7$DDwHx": {
        "duration": 600,
        "expire_at": ""
    },
    "elFr@a)Ty8": {
        "duration": 600,
        "expire_at": ""
    },
    "8)5mwN(Ads": {
        "duration": 600,
        "expire_at": ""
    },
    "!uC1Kz0PX$": {
        "duration": 600,
        "expire_at": ""
    },
    "RN&1%Z4VhM": {
        "duration": 600,
        "expire_at": ""
    },
    "&h36iSUj@t": {
        "duration": 600,
        "expire_at": ""
    },
    "2mQSjXnzKF": {
        "duration": 600,
        "expire_at": ""
    },
    "hD$^LjqFAR": {
        "duration": 600,
        "expire_at": ""
    },
    "fVgR6L$8^k": {
        "duration": 600,
        "expire_at": ""
    },
    "v8Yckc9zYw": {
        "duration": 600,
        "expire_at": ""
    },
    "Q16iZZ&s0&": {
        "duration": 600,
        "expire_at": ""
    },
    "9D0TBE8Ng^": {
        "duration": 600,
        "expire_at": ""
    },
    "5ikLTK8yg9": {
        "duration": 600,
        "expire_at": ""
    },
    "eo3CebYrvX": {
        "duration": 600,
        "expire_at": ""
    },
    "Wv#cvu3n!2": {
        "duration": 600,
        "expire_at": ""
    },
    "!ckJDUk##A": {
        "duration": 600,
        "expire_at": ""
    },
    "@uAXW0YO8G": {
        "duration": 600,
        "expire_at": ""
    },
    "Y$!^LNoxD%": {
        "duration": 600,
        "expire_at": ""
    },
    "tJjjKJsXye": {
        "duration": 600,
        "expire_at": ""
    },
    "c8(BEiojg#": {
        "duration": 600,
        "expire_at": ""
    },
    "ukcPU#Ibnh": {
        "duration": 600,
        "expire_at": ""
    },
    "UzFaCbTg8(": {
        "duration": 600,
        "expire_at": ""
    },
    "NCoo4YwJ5N": {
        "duration": 600,
        "expire_at": ""
    },
    "Pvqf3^wITf": {
        "duration": 600,
        "expire_at": ""
    },
    "6OYDm7jgak": {
        "duration": 600,
        "expire_at": ""
    },
    "#ZMJECzlXW": {
        "duration": 600,
        "expire_at": ""
    },
    "3RoU6V6G6*": {
        "duration": 600,
        "expire_at": ""
    },
    "t@8#^^BXZu": {
        "duration": 600,
        "expire_at": ""
    },
    ")8w8M^*g6i": {
        "duration": 600,
        "expire_at": ""
    },
    "Zfb*T)snOu": {
        "duration": 600,
        "expire_at": ""
    },
    "g!woF31Tg9": {
        "duration": 600,
        "expire_at": ""
    },
    "%td#0PoL0T": {
        "duration": 600,
        "expire_at": ""
    },
    "vi*H0JeYLi": {
        "duration": 600,
        "expire_at": ""
    },
    "($4h$7Bh%C": {
        "duration": 600,
        "expire_at": ""
    },
    "WIy!0rE)9h": {
        "duration": 600,
        "expire_at": ""
    },
    "xoiNBwmzNF": {
        "duration": 600,
        "expire_at": ""
    },
    "8*6yI^)KuV": {
        "duration": 600,
        "expire_at": ""
    },
    "!v%yn^K3zL": {
        "duration": 600,
        "expire_at": ""
    },
    "0wMB%&%X@7": {
        "duration": 600,
        "expire_at": ""
    },
    ")1ggnU&VAV": {
        "duration": 600,
        "expire_at": ""
    },
    "bx)yeM0z*r": {
        "duration": 600,
        "expire_at": ""
    },
    "&jJBBKKrK6": {
        "duration": 600,
        "expire_at": ""
    },
    "OVQiDGUcT6": {
        "duration": 600,
        "expire_at": ""
    },
    "CDbU5@xxVD": {
        "duration": 600,
        "expire_at": ""
    },
    "1EyNqygdT#": {
        "duration": 600,
        "expire_at": ""
    },
    "J1J%8EzOZ2": {
        "duration": 600,
        "expire_at": ""
    },
    "g4!l)iflLu": {
        "duration": 600,
        "expire_at": ""
    },
    "zmkZLTsZeG": {
        "duration": 600,
        "expire_at": ""
    },
    "&4@JhsCSCO": {
        "duration": 600,
        "expire_at": ""
    },
    "lqy86w3O6J": {
        "duration": 600,
        "expire_at": ""
    },
    "kECHmW@uTA": {
        "duration": 600,
        "expire_at": ""
    },
    "SG9%I23HA7": {
        "duration": 600,
        "expire_at": ""
    },
    "5s^b7sby*b": {
        "duration": 600,
        "expire_at": ""
    },
    "Uo5m!kAo&v": {
        "duration": 600,
        "expire_at": ""
    },
    "^1ifeBLrKU": {
        "duration": 600,
        "expire_at": ""
    },
    "HmOZhSkPrS": {
        "duration": 600,
        "expire_at": ""
    },
    "PRMNTC!YUO": {
        "duration": 600,
        "expire_at": ""
    },
    "8gvMB3nRfr": {
        "duration": 600,
        "expire_at": ""
    },
    "zLChrWGPxX": {
        "duration": 600,
        "expire_at": ""
    },
    "f(K9VLwL7@": {
        "duration": 600,
        "expire_at": ""
    },
    "TBh3N##jRk": {
        "duration": 600,
        "expire_at": ""
    },
    "$BIkbNywg$": {
        "duration": 600,
        "expire_at": ""
    },
    "fFn#)bbl!9": {
        "duration": 600,
        "expire_at": ""
    },
    "HhgEIL0iLT": {
        "duration": 600,
        "expire_at": ""
    }
}